﻿{
 "selection1": [
  {
   "name": "You are here : Home > Guidelines >Schemes of NHB"
  },
  {
   "name": "You are here : Home > Guidelines >Schemes of NHB"
  },
  {
   "name": "You are here : Home > Guidelines >Schemes of NHB"
  },
  {
   "name": "Home"
  },
  {
   "name": "Guidelines"
  },
  {
   "name": "Schemes of NHB"
  },
  {
   "name": "Schemes Of NHB"
  },
  {
   "name": "NHB'S SCHEMES\nNational Horticulture Board implements programmes as sub-scheme of Mission for Integrated Development of Horticulture (MIDH). NHB will also house the national level TSG under MIDH including NHM and NBM and extend administrative, logistical and personnel support towards their implementation.\nList of NHB schemes are given as under:-\nI.Development of Commercial Horticulture through Production and Post-Harvest Management of Horticulture Crops\nII.Capital Investment Subsidy Scheme for construction/ expansion/ modernization of Cold Storages/Storages of Horticulture Products\nIII.Technology Development and Transfer for promotion of Horticulture\nIV.Market Information Scheme for horticulture Crops\nV.Horticulture Promotion Services / Expert Services\nGeneral Guidelines for all the Schemes\n2.1 Procedure for filing applications\nDetailed procedure for filing applications for financial assistance under all schemes, including on-line applications, cost of application, inspection of projects, scrutiny norms and procedure for scrutiny of project proposals, communication of various sanctions and approvals and record keeping shall be as prescribed by the Board of Directors/Managing Committee from time to time.\n2.2 Procedure for sanction of financial assistance\nSanction of financial assistance as per approved norms shall be carried out as per the procedure prescribed by the Board of Directors/ the Department of Agriculture and Cooperation, Ministry of Agriculture, Govt. of India from time to time. The procedure for sanction of financial assistance under various schemes is given in the respective chapters.\n2.3 Date of coming in to force: The Scheme guidelines shall be effective from 01.04.2014.\n2.4 Eligible Organizations:-\nUnless otherwise specified, organizations/promoters, such as Association of Growers, Individuals, group of farmer growers/consumers, Farmers Producer Organizations (FPOs,) Partnership/ Proprietary Firms, Self Help groups (SHGs), NGOs, Companies, Corporations, Cooperatives, Cooperative Marketing Federations, Agricultural Produce Marketing Committees, Marketing Boards/ Committees, Municipal Corporations/ Committees, Agro-Industries Corporations, SAU’s and other concerned R&D organizations are eligible to get assistance under all the NHB schemes.\n2.5 Pattern of Assistance\nThe details of components and pattern of assistance under various schemes are given in their respective Chapters. However eligible subsidy amount will be capped at par with amount of term loan. The changes in pattern of assistance, cost norms, eligibility, procedure for scheme implementation etc approved by government now onwards shall be incorporated in the guidelines from time to time. The schemes of NHB and other schemes of MIDH including NHM will be mutually exclusive and benefit can be claimed only from one scheme for one project. Components, which are assisted under any other sub-schemes of MIDH or other central scheme, such as APEDA, MFPI, NMPB etc., shall not be eligible for NHB assistance.\n2.6 Cost Norms\nThe cost norms are intended to incentivise investment in certain areas and relate only to admissible items in a project. Moreover, cost norms are not to be understood as a funding mechanism for the projects.\n2.7 Legal\nAny dispute will be subject to Jurisdiction of Gurgaon court only."
  },
  {
   "name": "NHB'S SCHEMES\nNational Horticulture Board implements programmes as sub-scheme of Mission for Integrated Development of Horticulture (MIDH). NHB will also house the national level TSG under MIDH including NHM and NBM and extend administrative, logistical and personnel support towards their implementation.\nList of NHB schemes are given as under:-\nI.Development of Commercial Horticulture through Production and Post-Harvest Management of Horticulture Crops\nII.Capital Investment Subsidy Scheme for construction/ expansion/ modernization of Cold Storages/Storages of Horticulture Products\nIII.Technology Development and Transfer for promotion of Horticulture\nIV.Market Information Scheme for horticulture Crops\nV.Horticulture Promotion Services / Expert Services\nGeneral Guidelines for all the Schemes\n2.1 Procedure for filing applications\nDetailed procedure for filing applications for financial assistance under all schemes, including on-line applications, cost of application, inspection of projects, scrutiny norms and procedure for scrutiny of project proposals, communication of various sanctions and approvals and record keeping shall be as prescribed by the Board of Directors/Managing Committee from time to time.\n2.2 Procedure for sanction of financial assistance\nSanction of financial assistance as per approved norms shall be carried out as per the procedure prescribed by the Board of Directors/ the Department of Agriculture and Cooperation, Ministry of Agriculture, Govt. of India from time to time. The procedure for sanction of financial assistance under various schemes is given in the respective chapters.\n2.3 Date of coming in to force: The Scheme guidelines shall be effective from 01.04.2014.\n2.4 Eligible Organizations:-\nUnless otherwise specified, organizations/promoters, such as Association of Growers, Individuals, group of farmer growers/consumers, Farmers Producer Organizations (FPOs,) Partnership/ Proprietary Firms, Self Help groups (SHGs), NGOs, Companies, Corporations, Cooperatives, Cooperative Marketing Federations, Agricultural Produce Marketing Committees, Marketing Boards/ Committees, Municipal Corporations/ Committees, Agro-Industries Corporations, SAU’s and other concerned R&D organizations are eligible to get assistance under all the NHB schemes.\n2.5 Pattern of Assistance\nThe details of components and pattern of assistance under various schemes are given in their respective Chapters. However eligible subsidy amount will be capped at par with amount of term loan. The changes in pattern of assistance, cost norms, eligibility, procedure for scheme implementation etc approved by government now onwards shall be incorporated in the guidelines from time to time. The schemes of NHB and other schemes of MIDH including NHM will be mutually exclusive and benefit can be claimed only from one scheme for one project. Components, which are assisted under any other sub-schemes of MIDH or other central scheme, such as APEDA, MFPI, NMPB etc., shall not be eligible for NHB assistance.\n2.6 Cost Norms\nThe cost norms are intended to incentivise investment in certain areas and relate only to admissible items in a project. Moreover, cost norms are not to be understood as a funding mechanism for the projects.\n2.7 Legal\nAny dispute will be subject to Jurisdiction of Gurgaon court only."
  },
  {
   "name": "NHB'S SCHEMES\nNational Horticulture Board implements programmes as sub-scheme of Mission for Integrated Development of Horticulture (MIDH). NHB will also house the national level TSG under MIDH including NHM and NBM and extend administrative, logistical and personnel support towards their implementation.\nList of NHB schemes are given as under:-"
  },
  {
   "name": "NHB'S SCHEMES"
  },
  {
   "name": "List of NHB schemes are given as under:-"
  },
  {
   "name": "I.Development of Commercial Horticulture through Production and Post-Harvest Management of Horticulture Crops\nII.Capital Investment Subsidy Scheme for construction/ expansion/ modernization of Cold Storages/Storages of Horticulture Products\nIII.Technology Development and Transfer for promotion of Horticulture\nIV.Market Information Scheme for horticulture Crops\nV.Horticulture Promotion Services / Expert Services"
  },
  {
   "name": "I.Development of Commercial Horticulture through Production and Post-Harvest Management of Horticulture Crops"
  },
  {
   "name": "II.Capital Investment Subsidy Scheme for construction/ expansion/ modernization of Cold Storages/Storages of Horticulture Products"
  },
  {
   "name": "III.Technology Development and Transfer for promotion of Horticulture"
  },
  {
   "name": "IV.Market Information Scheme for horticulture Crops"
  },
  {
   "name": "V.Horticulture Promotion Services / Expert Services"
  },
  {
   "name": "General Guidelines for all the Schemes"
  },
  {
   "name": "2.1 Procedure for filing applications\nDetailed procedure for filing applications for financial assistance under all schemes, including on-line applications, cost of application, inspection of projects, scrutiny norms and procedure for scrutiny of project proposals, communication of various sanctions and approvals and record keeping shall be as prescribed by the Board of Directors/Managing Committee from time to time.\n2.2 Procedure for sanction of financial assistance\nSanction of financial assistance as per approved norms shall be carried out as per the procedure prescribed by the Board of Directors/ the Department of Agriculture and Cooperation, Ministry of Agriculture, Govt. of India from time to time. The procedure for sanction of financial assistance under various schemes is given in the respective chapters.\n2.3 Date of coming in to force: The Scheme guidelines shall be effective from 01.04.2014.\n2.4 Eligible Organizations:-\nUnless otherwise specified, organizations/promoters, such as Association of Growers, Individuals, group of farmer growers/consumers, Farmers Producer Organizations (FPOs,) Partnership/ Proprietary Firms, Self Help groups (SHGs), NGOs, Companies, Corporations, Cooperatives, Cooperative Marketing Federations, Agricultural Produce Marketing Committees, Marketing Boards/ Committees, Municipal Corporations/ Committees, Agro-Industries Corporations, SAU’s and other concerned R&D organizations are eligible to get assistance under all the NHB schemes.\n2.5 Pattern of Assistance\nThe details of components and pattern of assistance under various schemes are given in their respective Chapters. However eligible subsidy amount will be capped at par with amount of term loan. The changes in pattern of assistance, cost norms, eligibility, procedure for scheme implementation etc approved by government now onwards shall be incorporated in the guidelines from time to time. The schemes of NHB and other schemes of MIDH including NHM will be mutually exclusive and benefit can be claimed only from one scheme for one project. Components, which are assisted under any other sub-schemes of MIDH or other central scheme, such as APEDA, MFPI, NMPB etc., shall not be eligible for NHB assistance.\n2.6 Cost Norms\nThe cost norms are intended to incentivise investment in certain areas and relate only to admissible items in a project. Moreover, cost norms are not to be understood as a funding mechanism for the projects.\n2.7 Legal\nAny dispute will be subject to Jurisdiction of Gurgaon court only."
  },
  {
   "name": "2.1 Procedure for filing applications"
  },
  {
   "name": "Detailed procedure for filing applications for financial assistance under all schemes, including on-line applications, cost of application, inspection of projects, scrutiny norms and procedure for scrutiny of project proposals, communication of various sanctions and approvals and record keeping shall be as prescribed by the Board of Directors/Managing Committee from time to time."
  },
  {
   "name": "2.2 Procedure for sanction of financial assistance"
  },
  {
   "name": "Sanction of financial assistance as per approved norms shall be carried out as per the procedure prescribed by the Board of Directors/ the Department of Agriculture and Cooperation, Ministry of Agriculture, Govt. of India from time to time. The procedure for sanction of financial assistance under various schemes is given in the respective chapters."
  },
  {
   "name": "2.3 Date of coming in to force: The Scheme guidelines shall be effective from 01.04.2014."
  },
  {
   "name": "2.4 Eligible Organizations:-"
  },
  {
   "name": "Unless otherwise specified, organizations/promoters, such as Association of Growers, Individuals, group of farmer growers/consumers, Farmers Producer Organizations (FPOs,) Partnership/ Proprietary Firms, Self Help groups (SHGs), NGOs, Companies, Corporations, Cooperatives, Cooperative Marketing Federations, Agricultural Produce Marketing Committees, Marketing Boards/ Committees, Municipal Corporations/ Committees, Agro-Industries Corporations, SAU’s and other concerned R&D organizations are eligible to get assistance under all the NHB schemes."
  },
  {
   "name": "2.5 Pattern of Assistance"
  },
  {
   "name": "The details of components and pattern of assistance under various schemes are given in their respective Chapters. However eligible subsidy amount will be capped at par with amount of term loan. The changes in pattern of assistance, cost norms, eligibility, procedure for scheme implementation etc approved by government now onwards shall be incorporated in the guidelines from time to time. The schemes of NHB and other schemes of MIDH including NHM will be mutually exclusive and benefit can be claimed only from one scheme for one project. Components, which are assisted under any other sub-schemes of MIDH or other central scheme, such as APEDA, MFPI, NMPB etc., shall not be eligible for NHB assistance."
  },
  {
   "name": "2.6 Cost Norms"
  },
  {
   "name": "The cost norms are intended to incentivise investment in certain areas and relate only to admissible items in a project. Moreover, cost norms are not to be understood as a funding mechanism for the projects."
  },
  {
   "name": "2.7 Legal"
  },
  {
   "name": "Any dispute will be subject to Jurisdiction of Gurgaon court only."
  }
 ]
}